,word,frequency,character,season,order
0,know,140,Michael,1,1
1,right,94,Michael,1,2
2,going,60,Michael,1,3
3,good,59,Michael,1,4
4,come,56,Michael,1,5
5,go,56,Michael,1,6
6,pam,49,Michael,1,7
7,let,47,Michael,1,8
8,get,47,Michael,1,9
9,think,43,Michael,1,10
0,know,272,Michael,2,1
1,good,142,Michael,2,2
2,right,139,Michael,2,3
3,go,120,Michael,2,4
4,get,111,Michael,2,5
5,yes,111,Michael,2,6
6,dwight,111,Michael,2,7
7,would,110,Michael,2,8
8,one,109,Michael,2,9
9,think,105,Michael,2,10
0,know,229,Michael,3,1
1,good,123,Michael,3,2
2,right,121,Michael,3,3
3,going,113,Michael,3,4
4,get,111,Michael,3,5
5,go,109,Michael,3,6
6,let,100,Michael,3,7
7,want,98,Michael,3,8
8,one,98,Michael,3,9
9,would,94,Michael,3,10
0,know,167,Michael,4,1
1,going,103,Michael,4,2
2,good,102,Michael,4,3
3,right,96,Michael,4,4
4,get,95,Michael,4,5
5,would,89,Michael,4,6
6,go,85,Michael,4,7
7,think,83,Michael,4,8
8,want,77,Michael,4,9
9,yes,75,Michael,4,10
0,know,160,Michael,5,1
1,going,145,Michael,5,2
2,want,132,Michael,5,3
3,go,131,Michael,5,4
4,right,124,Michael,5,5
5,good,111,Michael,5,6
6,get,110,Michael,5,7
7,think,109,Michael,5,8
8,would,94,Michael,5,9
9,yes,86,Michael,5,10
0,know,184,Michael,6,1
1,go,126,Michael,6,2
2,right,111,Michael,6,3
3,going,108,Michael,6,4
4,think,107,Michael,6,5
5,would,97,Michael,6,6
6,yes,84,Michael,6,7
7,get,82,Michael,6,8
8,jim,80,Michael,6,9
9,--,79,Michael,6,10
0,know,163,Michael,7,1
1,go,88,Michael,7,2
2,right,85,Michael,7,3
3,good,74,Michael,7,4
4,would,70,Michael,7,5
5,yes,65,Michael,7,6
6,going,64,Michael,7,7
7,get,61,Michael,7,8
8,gon,54,Michael,7,9
9,think,50,Michael,7,10
0,said,1,Michael,9,1
1,feel,1,Michael,9,2
2,kids,1,Michael,9,3
3,grew,1,Michael,9,4
4,married,1,Michael,9,5
5,every,1,Michael,9,6
6,parent���s,1,Michael,9,7
7,dream,1,Michael,9,8
0,jim,28,Dwight,1,1
1,know,25,Dwight,1,2
2,ok,20,Dwight,1,3
3,one,16,Dwight,1,4
4,good,15,Dwight,1,5
5,think,14,Dwight,1,6
6,could,13,Dwight,1,7
7,please,13,Dwight,1,8
8,michael,13,Dwight,1,9
9,going,12,Dwight,1,10
0,michael,83,Dwight,2,1
1,know,60,Dwight,2,2
2,go,45,Dwight,2,3
3,get,43,Dwight,2,4
4,one,42,Dwight,2,5
5,would,38,Dwight,2,6
6,good,38,Dwight,2,7
7,going,35,Dwight,2,8
8,yes,35,Dwight,2,9
9,come,35,Dwight,2,10
0,michael,62,Dwight,3,1
1,jim,42,Dwight,3,2
2,know,39,Dwight,3,3
3,get,33,Dwight,3,4
4,one,33,Dwight,3,5
5,would,30,Dwight,3,6
6,let,29,Dwight,3,7
7,good,27,Dwight,3,8
8,come,26,Dwight,3,9
9,yes,24,Dwight,3,10
0,know,29,Dwight,4,1
1,michael,26,Dwight,4,2
2,go,25,Dwight,4,3
3,right,22,Dwight,4,4
4,come,22,Dwight,4,5
5,got,21,Dwight,4,6
6,let,19,Dwight,4,7
7,say,19,Dwight,4,8
8,one,18,Dwight,4,9
9,yes,18,Dwight,4,10
0,michael,63,Dwight,5,1
1,know,48,Dwight,5,2
2,get,46,Dwight,5,3
3,one,38,Dwight,5,4
4,go,34,Dwight,5,5
5,come,33,Dwight,5,6
6,say,30,Dwight,5,7
7,right,29,Dwight,5,8
8,got,29,Dwight,5,9
9,would,29,Dwight,5,10
0,know,48,Dwight,6,1
1,jim,40,Dwight,6,2
2,michael,39,Dwight,6,3
3,would,35,Dwight,6,4
4,get,31,Dwight,6,5
5,right,30,Dwight,6,6
6,let,28,Dwight,6,7
7,one,27,Dwight,6,8
8,come,26,Dwight,6,9
9,good,24,Dwight,6,10
0,know,41,Dwight,7,1
1,jim,33,Dwight,7,2
2,one,32,Dwight,7,3
3,right,31,Dwight,7,4
4,good,31,Dwight,7,5
5,michael,29,Dwight,7,6
6,let,28,Dwight,7,7
7,get,26,Dwight,7,8
8,pam,24,Dwight,7,9
9,'ve,24,Dwight,7,10
0,jim,58,Dwight,8,1
1,know,55,Dwight,8,2
2,right,54,Dwight,8,3
3,go,53,Dwight,8,4
4,get,49,Dwight,8,5
5,yes,47,Dwight,8,6
6,one,39,Dwight,8,7
7,gon,38,Dwight,8,8
8,got,35,Dwight,8,9
9,going,32,Dwight,8,10
0,get,69,Dwight,9,1
1,know,64,Dwight,9,2
2,jim,59,Dwight,9,3
3,right,50,Dwight,9,4
4,go,47,Dwight,9,5
5,one,46,Dwight,9,6
6,good,45,Dwight,9,7
7,come,39,Dwight,9,8
8,yes,37,Dwight,9,9
9,thank,35,Dwight,9,10
0,know,38,Jim,1,1
1,dwight,26,Jim,1,2
2,good,26,Jim,1,3
3,one,22,Jim,1,4
4,right,15,Jim,1,5
5,going,15,Jim,1,6
6,think,14,Jim,1,7
7,pam,10,Jim,1,8
8,great,10,Jim,1,9
9,get,10,Jim,1,10
0,know,75,Jim,2,1
1,dwight,53,Jim,2,2
2,michael,51,Jim,2,3
3,think,41,Jim,2,4
4,right,38,Jim,2,5
5,go,34,Jim,2,6
6,going,33,Jim,2,7
7,pam,33,Jim,2,8
8,good,31,Jim,2,9
9,one,29,Jim,2,10
0,know,52,Jim,3,1
1,right,42,Jim,3,2
2,think,33,Jim,3,3
3,dwight,32,Jim,3,4
4,good,31,Jim,3,5
5,get,27,Jim,3,6
6,a-wimowheh,27,Jim,3,7
7,go,25,Jim,3,8
8,got,22,Jim,3,9
9,pam,19,Jim,3,10
0,know,42,Jim,4,1
1,right,36,Jim,4,2
2,think,34,Jim,4,3
3,going,28,Jim,4,4
4,good,24,Jim,4,5
5,go,24,Jim,4,6
6,one,23,Jim,4,7
7,michael,22,Jim,4,8
8,would,22,Jim,4,9
9,great,21,Jim,4,10
0,know,68,Jim,5,1
1,right,57,Jim,5,2
2,dwight,33,Jim,5,3
3,michael,31,Jim,5,4
4,one,31,Jim,5,5
5,pam,30,Jim,5,6
6,going,26,Jim,5,7
7,think,25,Jim,5,8
8,let,25,Jim,5,9
9,gon,23,Jim,5,10
0,michael,65,Jim,6,1
1,know,61,Jim,6,2
2,think,50,Jim,6,3
3,right,50,Jim,6,4
4,go,45,Jim,6,5
5,pam,38,Jim,6,6
6,alright,32,Jim,6,7
7,good,28,Jim,6,8
8,would,27,Jim,6,9
9,gon,27,Jim,6,10
0,know,51,Jim,7,1
1,think,48,Jim,7,2
2,right,38,Jim,7,3
3,dwight,28,Jim,7,4
4,good,28,Jim,7,5
5,stop,28,Jim,7,6
6,go,27,Jim,7,7
7,got,25,Jim,7,8
8,one,24,Jim,7,9
9,would,22,Jim,7,10
0,know,80,Jim,8,1
1,right,65,Jim,8,2
2,think,47,Jim,8,3
3,dwight,46,Jim,8,4
4,one,36,Jim,8,5
5,go,36,Jim,8,6
6,going,32,Jim,8,7
7,alright,30,Jim,8,8
8,good,27,Jim,8,9
9,want,27,Jim,8,10
0,know,72,Jim,9,1
1,right,65,Jim,9,2
2,gon,43,Jim,9,3
3,got,38,Jim,9,4
4,pam,35,Jim,9,5
5,get,32,Jim,9,6
6,think,32,Jim,9,7
7,dwight,32,Jim,9,8
8,good,31,Jim,9,9
9,go,30,Jim,9,10
0,would,9,Pam,1,1
1,dwight,9,Pam,1,2
2,going,8,Pam,1,3
3,gon,8,Pam,1,4
4,michael,8,Pam,1,5
5,think,7,Pam,1,6
6,good,7,Pam,1,7
7,know,6,Pam,1,8
8,one,6,Pam,1,9
9,roy,6,Pam,1,10
0,know,48,Pam,2,1
1,michael,47,Pam,2,2
2,dwight,31,Pam,2,3
3,want,26,Pam,2,4
4,get,26,Pam,2,5
5,think,26,Pam,2,6
6,jim,23,Pam,2,7
7,god,22,Pam,2,8
8,one,21,Pam,2,9
9,kind,19,Pam,2,10
0,michael,44,Pam,3,1
1,know,44,Pam,3,2
2,jim,30,Pam,3,3
3,think,29,Pam,3,4
4,get,24,Pam,3,5
5,mean,23,Pam,3,6
6,one,23,Pam,3,7
7,go,21,Pam,3,8
8,dwight,20,Pam,3,9
9,good,19,Pam,3,10
0,michael,46,Pam,4,1
1,know,30,Pam,4,2
2,one,27,Pam,4,3
3,get,22,Pam,4,4
4,jim,18,Pam,4,5
5,going,16,Pam,4,6
6,dwight,16,Pam,4,7
7,gon,15,Pam,4,8
8,think,15,Pam,4,9
9,go,14,Pam,4,10
0,michael,55,Pam,5,1
1,know,34,Pam,5,2
2,get,31,Pam,5,3
3,good,31,Pam,5,4
4,jim,29,Pam,5,5
5,one,27,Pam,5,6
6,right,26,Pam,5,7
7,gon,23,Pam,5,8
8,back,20,Pam,5,9
9,new,19,Pam,5,10
0,michael,67,Pam,6,1
1,get,39,Pam,6,2
2,know,32,Pam,6,3
3,think,31,Pam,6,4
4,want,26,Pam,6,5
5,jim,25,Pam,6,6
6,going,25,Pam,6,7
7,yes,25,Pam,6,8
8,go,23,Pam,6,9
9,could,21,Pam,6,10
0,know,49,Pam,7,1
1,one,38,Pam,7,2
2,think,35,Pam,7,3
3,get,34,Pam,7,4
4,michael,34,Pam,7,5
5,go,22,Pam,7,6
6,dwight,21,Pam,7,7
7,going,21,Pam,7,8
8,office,20,Pam,7,9
9,jim,19,Pam,7,10
0,know,27,Pam,8,1
1,think,25,Pam,8,2
2,going,18,Pam,8,3
3,good,18,Pam,8,4
4,go,18,Pam,8,5
5,jim,17,Pam,8,6
6,would,15,Pam,8,7
7,right,14,Pam,8,8
8,gon,14,Pam,8,9
9,dwight,14,Pam,8,10
0,know,59,Pam,9,1
1,think,45,Pam,9,2
2,jim,38,Pam,9,3
3,us,30,Pam,9,4
4,get,30,Pam,9,5
5,great,29,Pam,9,6
6,got,29,Pam,9,7
7,dwight,28,Pam,9,8
8,want,26,Pam,9,9
9,sorry,26,Pam,9,10
0,want,4,Ryan,1,1
1,kind,2,Ryan,1,2
2,fine,2,Ryan,1,3
3,one,2,Ryan,1,4
4,would,2,Ryan,1,5
5,blue,2,Ryan,1,6
6,mean,2,Ryan,1,7
7,ryan,1,Ryan,1,8
8,howard,1,Ryan,1,9
9,temp,1,Ryan,1,10
0,know,15,Ryan,2,1
1,got,10,Ryan,2,2
2,think,9,Ryan,2,3
3,michael,9,Ryan,2,4
4,cool,8,Ryan,2,5
5,whoa,8,Ryan,2,6
6,go,7,Ryan,2,7
7,actually,6,Ryan,2,8
8,want,6,Ryan,2,9
9,would,6,Ryan,2,10
0,know,15,Ryan,3,1
1,kelly,12,Ryan,3,2
2,michael,10,Ryan,3,3
3,think,8,Ryan,3,4
4,sorry,8,Ryan,3,5
5,got,7,Ryan,3,6
6,would,7,Ryan,3,7
7,back,7,Ryan,3,8
8,get,7,Ryan,3,9
9,great,7,Ryan,3,10
0,michael,23,Ryan,4,1
1,know,20,Ryan,4,2
2,get,13,Ryan,4,3
3,want,13,Ryan,4,4
4,man,11,Ryan,4,5
5,go,11,Ryan,4,6
6,let,10,Ryan,4,7
7,ok,10,Ryan,4,8
8,right,10,Ryan,4,9
9,good,10,Ryan,4,10
0,get,11,Ryan,5,1
1,got,9,Ryan,5,2
2,guy,9,Ryan,5,3
3,see,8,Ryan,5,4
4,back,8,Ryan,5,5
5,look,8,Ryan,5,6
6,make,8,Ryan,5,7
7,'ve,7,Ryan,5,8
8,never,7,Ryan,5,9
9,want,7,Ryan,5,10
0,know,10,Ryan,6,1
1,guys,7,Ryan,6,2
2,think,7,Ryan,6,3
3,$,6,Ryan,6,4
4,something,5,Ryan,6,5
5,-,5,Ryan,6,6
6,want,5,Ryan,6,7
7,rather,4,Ryan,6,8
8,'ve,4,Ryan,6,9
9,thing,4,Ryan,6,10
0,know,11,Ryan,7,1
1,wuphf,9,Ryan,7,2
2,people,9,Ryan,7,3
3,things,8,Ryan,7,4
4,want,8,Ryan,7,5
5,think,7,Ryan,7,6
6,actually,7,Ryan,7,7
7,--,7,Ryan,7,8
8,good,6,Ryan,7,9
9,get,6,Ryan,7,10
0,know,20,Ryan,8,1
1,kelly,18,Ryan,8,2
2,right,14,Ryan,8,3
3,ca,13,Ryan,8,4
4,get,12,Ryan,8,5
5,would,11,Ryan,8,6
6,want,11,Ryan,8,7
7,make,8,Ryan,8,8
8,love,8,Ryan,8,9
9,think,8,Ryan,8,10
0,drake,4,Ryan,9,1
1,actually,3,Ryan,9,2
2,little,3,Ryan,9,3
3,he���s,3,Ryan,9,4
4,ravi,3,Ryan,9,5
5,could,3,Ryan,9,6
6,thank,3,Ryan,9,7
7,silicon,2,Ryan,9,8
8,kelly,2,Ryan,9,9
9,get,2,Ryan,9,10
0,know,25,Andy,3,1
1,tuna,23,Andy,3,2
2,one,19,Andy,3,3
3,good,18,Andy,3,4
4,big,16,Andy,3,5
5,think,16,Andy,3,6
6,michael,16,Andy,3,7
7,dwight,16,Andy,3,8
8,new,15,Andy,3,9
9,get,14,Andy,3,10
0,know,17,Andy,4,1
1,angela,14,Andy,4,2
2,tuna,13,Andy,4,3
3,got,13,Andy,4,4
4,think,11,Andy,4,5
5,yes,11,Andy,4,6
6,let,10,Andy,4,7
7,right,10,Andy,4,8
8,gon,10,Andy,4,9
9,go,8,Andy,4,10
0,know,30,Andy,5,1
1,get,24,Andy,5,2
2,good,15,Andy,5,3
3,man,15,Andy,5,4
4,way,14,Andy,5,5
5,go,14,Andy,5,6
6,see,14,Andy,5,7
7,little,13,Andy,5,8
8,one,13,Andy,5,9
9,guys,13,Andy,5,10
0,know,35,Andy,6,1
1,right,30,Andy,6,2
2,get,27,Andy,6,3
3,little,27,Andy,6,4
4,got,27,Andy,6,5
5,would,26,Andy,6,6
6,erin,25,Andy,6,7
7,--,19,Andy,6,8
8,one,18,Andy,6,9
9,gon,18,Andy,6,10
0,right,46,Andy,7,1
1,know,35,Andy,7,2
2,one,27,Andy,7,3
3,go,26,Andy,7,4
4,think,23,Andy,7,5
5,gon,22,Andy,7,6
6,would,18,Andy,7,7
7,got,16,Andy,7,8
8,yes,15,Andy,7,9
9,back,14,Andy,7,10
0,know,92,Andy,8,1
1,get,62,Andy,8,2
2,guys,59,Andy,8,3
3,right,58,Andy,8,4
4,going,56,Andy,8,5
5,got,53,Andy,8,6
6,think,50,Andy,8,7
7,one,50,Andy,8,8
8,go,42,Andy,8,9
9,would,38,Andy,8,10
0,know,51,Andy,9,1
1,right,46,Andy,9,2
2,got,44,Andy,9,3
3,get,35,Andy,9,4
4,go,34,Andy,9,5
5,time,27,Andy,9,6
6,gon,27,Andy,9,7
7,good,27,Andy,9,8
8,need,23,Andy,9,9
9,erin,22,Andy,9,10
0,work,1,Robert California,7,1
1,sales,1,Robert California,7,2
0,dwight,3,Robert California,8,1
1,sabre,3,Robert California,8,2
2,store,3,Robert California,8,3
3,great,2,Robert California,8,4
4,could,2,Robert California,8,5
5,jo,2,Robert California,8,6
6,bennett,2,Robert California,8,7
7,shame,2,Robert California,8,8
8,loving,1,Robert California,8,9
9,chemistry,1,Robert California,8,10
0,michael,10,Jan,1,1
1,plan,4,Jan,1,2
2,decided,3,Jan,1,3
3,branch,3,Jan,1,4
4,'ve,3,Jan,1,5
5,sales,3,Jan,1,6
6,anything,2,Jan,1,7
7,want,2,Jan,1,8
8,ok.,2,Jan,1,9
9,ca,2,Jan,1,10
0,michael,80,Jan,2,1
1,know,20,Jan,2,2
2,please,14,Jan,2,3
3,good,12,Jan,2,4
4,would,11,Jan,2,5
5,right,11,Jan,2,6
6,think,11,Jan,2,7
7,gon,10,Jan,2,8
8,go,10,Jan,2,9
9,let,9,Jan,2,10
0,michael,60,Jan,3,1
1,know,38,Jan,3,2
2,good,20,Jan,3,3
3,would,15,Jan,3,4
4,get,15,Jan,3,5
5,think,11,Jan,3,6
6,great,10,Jan,3,7
7,work,10,Jan,3,8
8,please,10,Jan,3,9
9,back,9,Jan,3,10
0,michael,26,Jan,4,1
1,know,20,Jan,4,2
2,babe,9,Jan,4,3
3,go,9,Jan,4,4
4,come,9,Jan,4,5
5,get,8,Jan,4,6
6,pam,7,Jan,4,7
7,little,7,Jan,4,8
8,tell,7,Jan,4,9
9,right,7,Jan,4,10
0,know,13,Jan,5,1
1,/,13,Jan,5,2
2,michael,9,Jan,5,3
3,good,5,Jan,5,4
4,ok,5,Jan,5,5
5,mean,4,Jan,5,6
6,thank,4,Jan,5,7
7,would,4,Jan,5,8
8,baby,4,Jan,5,9
9,astrid,4,Jan,5,10
0,queen,4,Jan,7,1
1,princess,3,Jan,7,2
2,knew,2,Jan,7,3
3,michael,2,Jan,7,4
4,get,2,Jan,7,5
5,wan,2,Jan,7,6
6,good,2,Jan,7,7
7,might,2,Jan,7,8
8,learned,2,Jan,7,9
9,pharmaceutical,1,Jan,7,10
0,--,6,Jan,9,1
1,wallace,4,Jan,9,2
2,spell,4,Jan,9,3
3,david,3,Jan,9,4
4,would,3,Jan,9,5
5,molly,3,Jan,9,6
6,pam,3,Jan,9,7
7,mommy,3,Jan,9,8
8,know,3,Jan,9,9
9,back,2,Jan,9,10
0,come,6,Roy,1,1
1,get,4,Roy,1,2
2,huh,4,Roy,1,3
3,mad,4,Roy,1,4
4,man,3,Roy,1,5
5,let,3,Roy,1,6
6,hell,3,Roy,1,7
7,baby,2,Roy,1,8
8,go,2,Roy,1,9
9,talking,2,Roy,1,10
0,come,11,Roy,2,1
1,right,9,Roy,2,2
2,go,8,Roy,2,3
3,get,6,Roy,2,4
4,pam,6,Roy,2,5
5,know,6,Roy,2,6
6,think,6,Roy,2,7
7,going,5,Roy,2,8
8,got,5,Roy,2,9
9,look,5,Roy,2,10
0,know,13,Roy,3,1
1,got,10,Roy,3,2
2,good,6,Roy,3,3
3,pam,6,Roy,3,4
4,gon,6,Roy,3,5
5,going,6,Roy,3,6
6,get,6,Roy,3,7
7,right,5,Roy,3,8
8,want,5,Roy,3,9
9,go,5,Roy,3,10
0,good,2,Roy,5,1
1,pam,2,Roy,5,2
2,halpert,1,Roy,5,3
3,gon,1,Roy,5,4
4,hit,1,Roy,5,5
5,anything,1,Roy,5,6
6,darryl,1,Roy,5,7
7,happenin,1,Roy,5,8
8,guys,1,Roy,5,9
9,going,1,Roy,5,10
0,ah,2,Roy,9,1
1,aw,2,Roy,9,2
2,everyone,2,Roy,9,3
3,kidding,2,Roy,9,4
4,met,2,Roy,9,5
5,laura,2,Roy,9,6
6,mean,2,Roy,9,7
7,today,2,Roy,9,8
8,actually,2,Roy,9,9
9,darryl,1,Roy,9,10
0,michael,2,Stanley,1,1
1,supposed,2,Stanley,1,2
2,collard,2,Stanley,1,3
3,greens,2,Stanley,1,4
4,green,2,Stanley,1,5
5,surprise,2,Stanley,1,6
6,could,1,Stanley,1,7
7,hands,1,Stanley,1,8
8,promise,1,Stanley,1,9
9,need,1,Stanley,1,10
0,michael,8,Stanley,2,1
1,think,7,Stanley,2,2
2,get,7,Stanley,2,3
3,know,5,Stanley,2,4
4,say,5,Stanley,2,5
5,got,5,Stanley,2,6
6,right,4,Stanley,2,7
7,little,4,Stanley,2,8
8,would,4,Stanley,2,9
9,phone,4,Stanley,2,10
0,work,7,Stanley,3,1
1,back,6,Stanley,3,2
2,toaster,5,Stanley,3,3
3,said,5,Stanley,3,4
4,day,5,Stanley,3,5
5,ha,5,Stanley,3,6
6,got,4,Stanley,3,7
7,get,4,Stanley,3,8
8,pretzel,4,Stanley,3,9
9,know,4,Stanley,3,10
0,know,7,Stanley,4,1
1,michael,6,Stanley,4,2
2,dogs,6,Stanley,4,3
3,way,5,Stanley,4,4
4,'ve,5,Stanley,4,5
5,home,5,Stanley,4,6
6,say,5,Stanley,4,7
7,money,4,Stanley,4,8
8,think,4,Stanley,4,9
9,mind,4,Stanley,4,10
0,know,7,Stanley,5,1
1,would,6,Stanley,5,2
2,lost,5,Stanley,5,3
3,think,5,Stanley,5,4
4,way,5,Stanley,5,5
5,little,4,Stanley,5,6
6,look,4,Stanley,5,7
7,us,4,Stanley,5,8
8,die,4,Stanley,5,9
9,yes,4,Stanley,5,10
0,michael,10,Stanley,6,1
1,go,4,Stanley,6,2
2,told,3,Stanley,6,3
3,need,3,Stanley,6,4
4,say,3,Stanley,6,5
5,one,3,Stanley,6,6
6,heh,3,Stanley,6,7
7,gun,3,Stanley,6,8
8,ridiculous,2,Stanley,6,9
9,idea,2,Stanley,6,10
0,get,6,Stanley,7,1
1,go,4,Stanley,7,2
2,would,4,Stanley,7,3
3,want,4,Stanley,7,4
4,years,4,Stanley,7,5
5,going,3,Stanley,7,6
6,boss,3,Stanley,7,7
7,behind,2,Stanley,7,8
8,still,2,Stanley,7,9
9,crazy,2,Stanley,7,10
0,christmas,11,Stanley,8,1
1,get,9,Stanley,8,2
2,want,9,Stanley,8,3
3,go,8,Stanley,8,4
4,florida,7,Stanley,8,5
5,know,5,Stanley,8,6
6,jim,5,Stanley,8,7
7,take,4,Stanley,8,8
8,shove,4,Stanley,8,9
9,butt,4,Stanley,8,10
0,get,5,Stanley,9,1
1,work,4,Stanley,9,2
2,need,4,Stanley,9,3
3,don���t,4,Stanley,9,4
4,know,4,Stanley,9,5
5,jim,3,Stanley,9,6
6,dwight,3,Stanley,9,7
7,got,3,Stanley,9,8
8,day,3,Stanley,9,9
9,put,3,Stanley,9,10
0,band,4,Kevin,1,1
1,type,4,Kevin,1,2
2,wan,3,Kevin,1,3
3,good,3,Kevin,1,4
4,black,3,Kevin,1,5
5,people,3,Kevin,1,6
6,go,3,Kevin,1,7
7,steve,3,Kevin,1,8
8,miller,3,Kevin,1,9
9,tribute,3,Kevin,1,10
0,michael,9,Kevin,2,1
1,think,7,Kevin,2,2
2,pam,7,Kevin,2,3
3,fire,6,Kevin,2,4
4,said,5,Kevin,2,5
5,please,5,Kevin,2,6
6,stacy,5,Kevin,2,7
7,jim,5,Kevin,2,8
8,got,5,Kevin,2,9
9,guy,5,Kevin,2,10
0,know,14,Kevin,3,1
1,michael,12,Kevin,3,2
2,angela,11,Kevin,3,3
3,going,11,Kevin,3,4
4,pam,10,Kevin,3,5
5,yes,9,Kevin,3,6
6,go,8,Kevin,3,7
7,would,7,Kevin,3,8
8,think,7,Kevin,3,9
9,party,6,Kevin,3,10
0,michael,16,Kevin,4,1
1,go,8,Kevin,4,2
2,jim,7,Kevin,4,3
3,gon,7,Kevin,4,4
4,back,7,Kevin,4,5
5,pizza,7,Kevin,4,6
6,get,6,Kevin,4,7
7,see,5,Kevin,4,8
8,bad,5,Kevin,4,9
9,take,5,Kevin,4,10
0,michael,14,Kevin,5,1
1,think,11,Kevin,5,2
2,would,8,Kevin,5,3
3,one,6,Kevin,5,4
4,want,6,Kevin,5,5
5,call,6,Kevin,5,6
6,cool,5,Kevin,5,7
7,god,5,Kevin,5,8
8,wait,5,Kevin,5,9
9,got,5,Kevin,5,10
0,michael,13,Kevin,6,1
1,think,11,Kevin,6,2
2,would,10,Kevin,6,3
3,jim,9,Kevin,6,4
4,oscar,9,Kevin,6,5
5,know,9,Kevin,6,6
6,want,8,Kevin,6,7
7,yes,8,Kevin,6,8
8,pam,7,Kevin,6,9
9,hi,7,Kevin,6,10
0,michael,12,Kevin,7,1
1,get,11,Kevin,7,2
2,know,11,Kevin,7,3
3,yes,9,Kevin,7,4
4,would,9,Kevin,7,5
5,got,8,Kevin,7,6
6,nice,8,Kevin,7,7
7,one,8,Kevin,7,8
8,could,7,Kevin,7,9
9,think,7,Kevin,7,10
0,know,14,Kevin,8,1
1,guys,13,Kevin,8,2
2,one,12,Kevin,8,3
3,think,11,Kevin,8,4
4,right,11,Kevin,8,5
5,warning,9,Kevin,8,6
6,good,9,Kevin,8,7
7,time,9,Kevin,8,8
8,man,9,Kevin,8,9
9,best,8,Kevin,8,10
0,yes,16,Kevin,9,1
1,one,15,Kevin,9,2
2,get,11,Kevin,9,3
3,oscar,11,Kevin,9,4
4,know,11,Kevin,9,5
5,go,10,Kevin,9,6
6,don���t,10,Kevin,9,7
7,right,8,Kevin,9,8
8,andy,8,Kevin,9,9
9,pam,8,Kevin,9,10
0,right,4,Meredith,1,1
1,michael,3,Meredith,1,2
2,vagina,3,Meredith,1,3
3,yes,3,Meredith,1,4
4,'meredith,3,Meredith,1,5
5,still,2,Meredith,1,6
6,ca,2,Meredith,1,7
7,happy,2,Meredith,1,8
8,let,2,Meredith,1,9
9,hope,2,Meredith,1,10
0,wow,4,Meredith,2,1
1,take,3,Meredith,2,2
2,last,2,Meredith,2,3
3,damn,2,Meredith,2,4
4,drink,2,Meredith,2,5
5,please,2,Meredith,2,6
6,week,2,Meredith,2,7
7,thanks,2,Meredith,2,8
8,'ve,2,Meredith,2,9
9,right,2,Meredith,2,10
0,get,7,Meredith,3,1
1,want,5,Meredith,3,2
2,know,4,Meredith,3,3
3,yes,3,Meredith,3,4
4,wedding,3,Meredith,3,5
5,ahh,3,Meredith,3,6
6,roy,3,Meredith,3,7
7,pull,3,Meredith,3,8
8,little,2,Meredith,3,9
9,way,2,Meredith,3,10
0,guys,3,Meredith,4,1
1,michael,3,Meredith,4,2
2,get,3,Meredith,4,3
3,one,3,Meredith,4,4
4,time,2,Meredith,4,5
5,weird,2,Meredith,4,6
6,nurse,2,Meredith,4,7
7,thanks,2,Meredith,4,8
8,lot,2,Meredith,4,9
9,see,2,Meredith,4,10
0,way,15,Meredith,5,1
1,wait,12,Meredith,5,2
2,minute,10,Meredith,5,3
3,know,8,Meredith,5,4
4,got,6,Meredith,5,5
5,something,5,Meredith,5,6
6,going,5,Meredith,5,7
7,nothing,4,Meredith,5,8
8,kid,4,Meredith,5,9
9,god,4,Meredith,5,10
0,get,6,Meredith,6,1
1,tell,4,Meredith,6,2
2,gon,3,Meredith,6,3
3,day,3,Meredith,6,4
4,right,3,Meredith,6,5
5,want,3,Meredith,6,6
6,us,3,Meredith,6,7
7,taking,3,Meredith,6,8
8,thing,3,Meredith,6,9
9,room,3,Meredith,6,10
0,wait,7,Meredith,7,1
1,know,6,Meredith,7,2
2,man,5,Meredith,7,3
3,real,5,Meredith,7,4
4,got,4,Meredith,7,5
5,us,3,Meredith,7,6
6,manuel,3,Meredith,7,7
7,wow,3,Meredith,7,8
8,guy,3,Meredith,7,9
9,tell,3,Meredith,7,10
0,got,5,Meredith,8,1
1,one,5,Meredith,8,2
2,get,5,Meredith,8,3
3,coming,5,Meredith,8,4
4,right,4,Meredith,8,5
5,people,3,Meredith,8,6
6,take,3,Meredith,8,7
7,put,3,Meredith,8,8
8,ta,3,Meredith,8,9
9,go,3,Meredith,8,10
0,one,10,Meredith,9,1
1,get,8,Meredith,9,2
2,take,7,Meredith,9,3
3,good,7,Meredith,9,4
4,right,7,Meredith,9,5
5,got,7,Meredith,9,6
6,let,6,Meredith,9,7
7,come,5,Meredith,9,8
8,go,5,Meredith,9,9
9,ah,5,Meredith,9,10
0,think,5,Angela,1,1
1,kevin,4,Angela,1,2
2,gon,2,Angela,1,3
3,oscar,2,Angela,1,4
4,stapler,2,Angela,1,5
5,one,2,Angela,1,6
6,phyllis,2,Angela,1,7
7,safety,2,Angela,1,8
8,officer,2,Angela,1,9
9,gray,2,Angela,1,10
0,go,10,Angela,2,1
1,know,9,Angela,2,2
2,think,8,Angela,2,3
3,yes,7,Angela,2,4
4,things,7,Angela,2,5
5,get,6,Angela,2,6
6,one,6,Angela,2,7
7,people,5,Angela,2,8
8,talk,5,Angela,2,9
9,yet,5,Angela,2,10
0,pum,23,Angela,3,1
1,dwight,13,Angela,3,2
2,know,11,Angela,3,3
3,thank,9,Angela,3,4
4,think,9,Angela,3,5
5,would,9,Angela,3,6
6,party,9,Angela,3,7
7,get,8,Angela,3,8
8,michael,8,Angela,3,9
9,us,8,Angela,3,10
0,party,19,Angela,4,1
1,sprinkles,12,Angela,4,2
2,know,9,Angela,4,3
3,ca,8,Angela,4,4
4,right,7,Angela,4,5
5,time,6,Angela,4,6
6,give,6,Angela,4,7
7,would,6,Angela,4,8
8,put,6,Angela,4,9
9,want,6,Angela,4,10
0,know,15,Angela,5,1
1,cat,11,Angela,5,2
2,mean,10,Angela,5,3
3,want,10,Angela,5,4
4,come,10,Angela,5,5
5,kevin,10,Angela,5,6
6,bad,10,Angela,5,7
7,michael,8,Angela,5,8
8,good,8,Angela,5,9
9,get,8,Angela,5,10
0,going,7,Angela,6,1
1,day,7,Angela,6,2
2,know,6,Angela,6,3
3,get,6,Angela,6,4
4,see,6,Angela,6,5
5,us,6,Angela,6,6
6,contract,6,Angela,6,7
7,yes,5,Angela,6,8
8,michael,5,Angela,6,9
9,dwight,5,Angela,6,10
0,would,11,Angela,7,1
1,think,10,Angela,7,2
2,know,10,Angela,7,3
3,senator,10,Angela,7,4
4,want,9,Angela,7,5
5,pam,9,Angela,7,6
6,yes,7,Angela,7,7
7,dwight,7,Angela,7,8
8,one,6,Angela,7,9
9,michael,5,Angela,7,10
0,dwight,13,Angela,8,1
1,pam,9,Angela,8,2
2,know,9,Angela,8,3
3,get,8,Angela,8,4
4,phillip,7,Angela,8,5
5,think,7,Angela,8,6
6,yes,7,Angela,8,7
7,stop,7,Angela,8,8
8,senator,6,Angela,8,9
9,fine,6,Angela,8,10
0,dwight,26,Angela,9,1
1,know,20,Angela,9,2
2,god,19,Angela,9,3
3,kevin,18,Angela,9,4
4,don���t,17,Angela,9,5
5,oscar,16,Angela,9,6
6,would,15,Angela,9,7
7,need,13,Angela,9,8
8,want,13,Angela,9,9
9,senator,13,Angela,9,10
0,michael,11,Oscar,1,1
1,know,5,Oscar,1,2
2,thank,4,Oscar,1,3
3,want,3,Oscar,1,4
4,right,3,Oscar,1,5
5,year,3,Oscar,1,6
6,charity,3,Oscar,1,7
7,tree,2,Oscar,1,8
8,give,2,Oscar,1,9
9,ok,2,Oscar,1,10
0,michael,12,Oscar,2,1
1,know,9,Oscar,2,2
2,good,8,Oscar,2,3
3,got,8,Oscar,2,4
4,creed,6,Oscar,2,5
5,towards,6,Oscar,2,6
6,think,5,Oscar,2,7
7,last,5,Oscar,2,8
8,going,5,Oscar,2,9
9,'d,5,Oscar,2,10
0,gay,9,Oscar,3,1
1,think,7,Oscar,3,2
2,michael,6,Oscar,3,3
3,would,4,Oscar,3,4
4,office,4,Oscar,3,5
5,come,4,Oscar,3,6
6,going,4,Oscar,3,7
7,angela,4,Oscar,3,8
8,--,4,Oscar,3,9
9,roy,4,Oscar,3,10
0,michael,11,Oscar,4,1
1,know,8,Oscar,4,2
2,good,4,Oscar,4,3
3,could,4,Oscar,4,4
4,things,4,Oscar,4,5
5,think,4,Oscar,4,6
6,totally,4,Oscar,4,7
7,going,3,Oscar,4,8
8,thing,3,Oscar,4,9
9,big,3,Oscar,4,10
0,michael,14,Oscar,5,1
1,think,12,Oscar,5,2
2,know,11,Oscar,5,3
3,want,10,Oscar,5,4
4,--,9,Oscar,5,5
5,go,9,Oscar,5,6
6,get,9,Oscar,5,7
7,good,8,Oscar,5,8
8,say,7,Oscar,5,9
9,dollars,7,Oscar,5,10
0,michael,11,Oscar,6,1
1,right,11,Oscar,6,2
2,know,10,Oscar,6,3
3,think,9,Oscar,6,4
4,jim,9,Oscar,6,5
5,would,8,Oscar,6,6
6,could,8,Oscar,6,7
7,mean,7,Oscar,6,8
8,-,6,Oscar,6,9
9,little,5,Oscar,6,10
0,michael,15,Oscar,7,1
1,yes,11,Oscar,7,2
2,know,10,Oscar,7,3
3,think,9,Oscar,7,4
4,right,9,Oscar,7,5
5,one,9,Oscar,7,6
6,would,7,Oscar,7,7
7,senator,7,Oscar,7,8
8,great,6,Oscar,7,9
9,worth,6,Oscar,7,10
0,andy,15,Oscar,8,1
1,know,13,Oscar,8,2
2,guys,9,Oscar,8,3
3,would,9,Oscar,8,4
4,better,9,Oscar,8,5
5,right,8,Oscar,8,6
6,got,8,Oscar,8,7
7,gay,8,Oscar,8,8
8,kevin,7,Oscar,8,9
9,one,7,Oscar,8,10
0,angela,23,Oscar,9,1
1,kevin,20,Oscar,9,2
2,know,17,Oscar,9,3
3,get,14,Oscar,9,4
4,go,14,Oscar,9,5
5,sorry,13,Oscar,9,6
6,whoa,11,Oscar,9,7
7,dwight,10,Oscar,9,8
8,got,10,Oscar,9,9
9,yes,9,Oscar,9,10
0,maybe,2,Phyllis,1,1
1,could,2,Phyllis,1,2
2,streamers,2,Phyllis,1,3
3,downsizing,1,Phyllis,1,4
4,actually,1,Phyllis,1,5
5,mean,1,Phyllis,1,6
6,decorations,1,Phyllis,1,7
7,stupid,1,Phyllis,1,8
8,forget,1,Phyllis,1,9
9,going,1,Phyllis,1,10
0,michael,9,Phyllis,2,1
1,dwight,5,Phyllis,2,2
2,get,5,Phyllis,2,3
3,room,5,Phyllis,2,4
4,ladies,4,Phyllis,2,5
5,come,4,Phyllis,2,6
6,going,4,Phyllis,2,7
7,time,4,Phyllis,2,8
8,love,4,Phyllis,2,9
9,think,4,Phyllis,2,10
0,michael,12,Phyllis,3,1
1,bob,7,Phyllis,3,2
2,get,7,Phyllis,3,3
3,jim,6,Phyllis,3,4
4,thought,5,Phyllis,3,5
5,know,5,Phyllis,3,6
6,think,5,Phyllis,3,7
7,got,5,Phyllis,3,8
8,vance,4,Phyllis,3,9
9,guy,4,Phyllis,3,10
0,michael,10,Phyllis,4,1
1,get,7,Phyllis,4,2
2,go,5,Phyllis,4,3
3,sorry,5,Phyllis,4,4
4,know,5,Phyllis,4,5
5,ca,5,Phyllis,4,6
6,things,4,Phyllis,4,7
7,one,4,Phyllis,4,8
8,right,4,Phyllis,4,9
9,bob,3,Phyllis,4,10
0,think,14,Phyllis,5,1
1,dwight,14,Phyllis,5,2
2,michael,11,Phyllis,5,3
3,bob,9,Phyllis,5,4
4,know,9,Phyllis,5,5
5,andy,9,Phyllis,5,6
6,party,8,Phyllis,5,7
7,going,8,Phyllis,5,8
8,angela,7,Phyllis,5,9
9,us,7,Phyllis,5,10
0,michael,19,Phyllis,6,1
1,know,12,Phyllis,6,2
2,good,10,Phyllis,6,3
3,ho,9,Phyllis,6,4
4,think,8,Phyllis,6,5
5,get,7,Phyllis,6,6
6,bob,7,Phyllis,6,7
7,mean,6,Phyllis,6,8
8,us,5,Phyllis,6,9
9,time,5,Phyllis,6,10
0,know,14,Phyllis,7,1
1,get,10,Phyllis,7,2
2,michael,7,Phyllis,7,3
3,think,7,Phyllis,7,4
4,good,7,Phyllis,7,5
5,want,6,Phyllis,7,6
6,day,6,Phyllis,7,7
7,got,5,Phyllis,7,8
8,one,5,Phyllis,7,9
9,mean,5,Phyllis,7,10
0,know,7,Phyllis,8,1
1,think,6,Phyllis,8,2
2,one,5,Phyllis,8,3
3,mean,5,Phyllis,8,4
4,andy,4,Phyllis,8,5
5,don���t,4,Phyllis,8,6
6,go,4,Phyllis,8,7
7,can���t,3,Phyllis,8,8
8,nothing,3,Phyllis,8,9
9,guys,3,Phyllis,8,10
0,andy,12,Phyllis,9,1
1,know,8,Phyllis,9,2
2,dwight,8,Phyllis,9,3
3,he���s,7,Phyllis,9,4
4,don���t,6,Phyllis,9,5
5,good,6,Phyllis,9,6
6,think,5,Phyllis,9,7
7,come,5,Phyllis,9,8
8,years,5,Phyllis,9,9
9,mean,5,Phyllis,9,10
0,meeting,2,Kelly,1,1
1,customer,1,Kelly,1,2
2,longest,1,Kelly,1,3
3,one,1,Kelly,1,4
4,think,1,Kelly,1,5
5,thank,1,Kelly,1,6
0,god,11,Kelly,2,1
1,know,10,Kelly,2,2
2,mean,9,Kelly,2,3
3,would,8,Kelly,2,4
4,please,8,Kelly,2,5
5,want,8,Kelly,2,6
6,jim,7,Kelly,2,7
7,cool,6,Kelly,2,8
8,said,6,Kelly,2,9
9,one,6,Kelly,2,10
0,god,26,Kelly,3,1
1,know,17,Kelly,3,2
2,wo,13,Kelly,3,3
3,ryan,12,Kelly,3,4
4,get,11,Kelly,3,5
5,show,10,Kelly,3,6
6,think,10,Kelly,3,7
7,say,10,Kelly,3,8
8,fashion,9,Kelly,3,9
9,sorry,9,Kelly,3,10
0,ryan,8,Kelly,4,1
1,know,8,Kelly,4,2
2,talk,5,Kelly,4,3
3,cuz,5,Kelly,4,4
4,think,4,Kelly,4,5
5,right,4,Kelly,4,6
6,boyfriend,4,Kelly,4,7
7,gon,4,Kelly,4,8
8,god,3,Kelly,4,9
9,would,3,Kelly,4,10
0,michael,10,Kelly,5,1
1,know,9,Kelly,5,2
2,guys,9,Kelly,5,3
3,gon,8,Kelly,5,4
4,would,7,Kelly,5,5
5,going,6,Kelly,5,6
6,get,6,Kelly,5,7
7,hate,6,Kelly,5,8
8,could,6,Kelly,5,9
9,mean,6,Kelly,5,10
0,get,8,Kelly,6,1
1,go,8,Kelly,6,2
2,gon,7,Kelly,6,3
3,ryan,7,Kelly,6,4
4,think,7,Kelly,6,5
5,know,7,Kelly,6,6
6,going,6,Kelly,6,7
7,would,6,Kelly,6,8
8,andy,5,Kelly,6,9
9,want,5,Kelly,6,10
0,know,13,Kelly,7,1
1,ryan,11,Kelly,7,2
2,could,9,Kelly,7,3
3,think,9,Kelly,7,4
4,blah,8,Kelly,7,5
5,time,8,Kelly,7,6
6,right,7,Kelly,7,7
7,go,7,Kelly,7,8
8,get,7,Kelly,7,9
9,michael,7,Kelly,7,10
0,mean,9,Kelly,8,1
1,know,8,Kelly,8,2
2,get,7,Kelly,8,3
3,think,7,Kelly,8,4
4,would,7,Kelly,8,5
5,god,6,Kelly,8,6
6,actually,6,Kelly,8,7
7,guys,5,Kelly,8,8
8,andy,5,Kelly,8,9
9,look,5,Kelly,8,10
0,baby,5,Kelly,9,1
1,drake,3,Kelly,9,2
2,ravi,3,Kelly,9,3
3,don���t,2,Kelly,9,4
4,look,2,Kelly,9,5
5,ryan,2,Kelly,9,6
6,name,2,Kelly,9,7
7,obsessed,2,Kelly,9,8
8,cute,2,Kelly,9,9
9,go,2,Kelly,9,10
0,hi,3,Toby,1,1
1,birthday,2,Toby,1,2
2,card,2,Toby,1,3
3,go,2,Toby,1,4
4,bishop,2,Toby,1,5
5,going,1,Toby,1,6
6,sit,1,Toby,1,7
7,circle,1,Toby,1,8
8,indian,1,Toby,1,9
9,style,1,Toby,1,10
0,michael,17,Toby,2,1
1,know,10,Toby,2,2
2,think,8,Toby,2,3
3,need,6,Toby,2,4
4,one,6,Toby,2,5
5,ca,6,Toby,2,6
6,take,5,Toby,2,7
7,go,5,Toby,2,8
8,get,5,Toby,2,9
9,talk,4,Toby,2,10
0,michael,10,Toby,3,1
1,know,10,Toby,3,2
2,right,8,Toby,3,3
3,think,7,Toby,3,4
4,oscar,6,Toby,3,5
5,want,6,Toby,3,6
6,would,5,Toby,3,7
7,going,5,Toby,3,8
8,sorry,5,Toby,3,9
9,dwight,5,Toby,3,10
0,know,20,Toby,4,1
1,michael,11,Toby,4,2
2,could,7,Toby,4,3
3,great,6,Toby,4,4
4,pam,6,Toby,4,5
5,thanks,6,Toby,4,6
6,would,6,Toby,4,7
7,want,6,Toby,4,8
8,'d,6,Toby,4,9
9,get,6,Toby,4,10
0,--,13,Toby,5,1
1,michael,9,Toby,5,2
2,going,7,Toby,5,3
3,doll,7,Toby,5,4
4,right,5,Toby,5,5
5,know,5,Toby,5,6
6,need,5,Toby,5,7
7,gon,4,Toby,5,8
8,costa,3,Toby,5,9
9,thanks,3,Toby,5,10
0,know,15,Toby,6,1
1,get,6,Toby,6,2
2,going,6,Toby,6,3
3,could,6,Toby,6,4
4,michael,6,Toby,6,5
5,good,5,Toby,6,6
6,look,5,Toby,6,7
7,--,5,Toby,6,8
8,wow,4,Toby,6,9
9,think,4,Toby,6,10
0,know,11,Toby,7,1
1,nope,11,Toby,7,2
2,michael,8,Toby,7,3
3,talk,8,Toby,7,4
4,would,7,Toby,7,5
5,something,6,Toby,7,6
6,guys,5,Toby,7,7
7,think,4,Toby,7,8
8,got,4,Toby,7,9
9,ca,4,Toby,7,10
0,know,14,Toby,8,1
1,think,6,Toby,8,2
2,guys,5,Toby,8,3
3,would,5,Toby,8,4
4,little,5,Toby,8,5
5,ca,5,Toby,8,6
6,gon,5,Toby,8,7
7,don���t,5,Toby,8,8
8,right,5,Toby,8,9
9,andy,5,Toby,8,10
0,--,9,Toby,9,1
1,andy,9,Toby,9,2
2,get,7,Toby,9,3
3,gon,7,Toby,9,4
4,know,7,Toby,9,5
5,would,6,Toby,9,6
6,look,6,Toby,9,7
7,don���t,5,Toby,9,8
8,kelly,4,Toby,9,9
9,little,4,Toby,9,10
0,michael,9,Creed,2,1
1,know,6,Creed,2,2
2,good,4,Creed,2,3
3,thought,4,Creed,2,4
4,kids,4,Creed,2,5
5,think,3,Creed,2,6
6,let,3,Creed,2,7
7,undo,3,Creed,2,8
8,devon,3,Creed,2,9
9,back,3,Creed,2,10
0,debbie,6,Creed,3,1
1,brown,6,Creed,3,2
2,one,5,Creed,3,3
3,'ve,5,Creed,3,4
4,got,5,Creed,3,5
5,good,5,Creed,3,6
6,week,4,Creed,3,7
7,know,4,Creed,3,8
8,right,4,Creed,3,9
9,go,4,Creed,3,10
0,creed,5,Creed,4,1
1,get,5,Creed,4,2
2,go,5,Creed,4,3
3,'ve,4,Creed,4,4
4,nobody,4,Creed,4,5
5,want,4,Creed,4,6
6,money,3,Creed,4,7
7,bratton,3,Creed,4,8
8,old,3,Creed,4,9
9,new,3,Creed,4,10
0,boss,4,Creed,5,1
1,want,4,Creed,5,2
2,got,3,Creed,5,3
3,right,3,Creed,5,4
4,gon,3,Creed,5,5
5,guy,2,Creed,5,6
6,things,2,Creed,5,7
7,creed,2,Creed,5,8
8,bratton,2,Creed,5,9
9,one,2,Creed,5,10
0,boss,5,Creed,6,1
1,'ve,4,Creed,6,2
2,man,4,Creed,6,3
3,think,3,Creed,6,4
4,tell,2,Creed,6,5
5,let,2,Creed,6,6
6,scuba,2,Creed,6,7
7,ca,2,Creed,6,8
8,andy,2,Creed,6,9
9,come,2,Creed,6,10
0,love,6,Creed,7,1
1,one,5,Creed,7,2
2,two,5,Creed,7,3
3,creed,4,Creed,7,4
4,good,4,Creed,7,5
5,betty,3,Creed,7,6
6,white,3,Creed,7,7
7,real,3,Creed,7,8
8,cool,3,Creed,7,9
9,know,3,Creed,7,10
0,said,4,Creed,8,1
1,get,4,Creed,8,2
2,long,3,Creed,8,3
3,pam,3,Creed,8,4
4,good,3,Creed,8,5
5,already,2,Creed,8,6
6,us,2,Creed,8,7
7,baby,2,Creed,8,8
8,know,2,Creed,8,9
9,let,2,Creed,8,10
0,good,5,Creed,9,1
1,table,5,Creed,9,2
2,today,3,Creed,9,3
3,man,3,Creed,9,4
4,know,3,Creed,9,5
5,god,3,Creed,9,6
6,miss,3,Creed,9,7
7,let���s,3,Creed,9,8
8,think,3,Creed,9,9
9,still,3,Creed,9,10
0,one,3,Darryl,1,1
1,go,3,Darryl,1,2
2,block,3,Darryl,1,3
3,know,2,Darryl,1,4
4,man,2,Darryl,1,5
5,real,1,Darryl,1,6
6,name,1,Darryl,1,7
7,darryl,1,Darryl,1,8
8,philbin,1,Darryl,1,9
9,regis,1,Darryl,1,10
0,mike,10,Darryl,2,1
1,man,7,Darryl,2,2
2,know,7,Darryl,2,3
3,right,7,Darryl,2,4
4,get,5,Darryl,2,5
5,us,5,Darryl,2,6
6,need,5,Darryl,2,7
7,got,5,Darryl,2,8
8,lot,4,Darryl,2,9
9,union,4,Darryl,2,10
0,mike,15,Darryl,3,1
1,get,8,Darryl,3,2
2,man,8,Darryl,3,3
3,right,7,Darryl,3,4
4,got,7,Darryl,3,5
5,raise,5,Darryl,3,6
6,look,4,Darryl,3,7
7,need,4,Darryl,3,8
8,come,4,Darryl,3,9
9,yes,4,Darryl,3,10
0,dunder,5,Darryl,4,1
1,mifflin,5,Darryl,4,2
2,paper,4,Darryl,4,3
3,get,4,Darryl,4,4
4,call,4,Darryl,4,5
5,mike,4,Darryl,4,6
6,man,3,Darryl,4,7
7,go,3,Darryl,4,8
8,around,3,Darryl,4,9
9,thing,3,Darryl,4,10
0,da,12,Darryl,5,1
1,mike,11,Darryl,5,2
2,pounds,8,Darryl,5,3
3,go,7,Darryl,5,4
4,right,7,Darryl,5,5
5,know,6,Darryl,5,6
6,lost,5,Darryl,5,7
7,back,5,Darryl,5,8
8,name,5,Darryl,5,9
9,got,4,Darryl,5,10
0,something,7,Darryl,6,1
1,know,6,Darryl,6,2
2,right,6,Darryl,6,3
3,yum,6,Darryl,6,4
4,thing,5,Darryl,6,5
5,man,5,Darryl,6,6
6,get,5,Darryl,6,7
7,got,5,Darryl,6,8
8,could,5,Darryl,6,9
9,think,4,Darryl,6,10
0,good,14,Darryl,7,1
1,got,13,Darryl,7,2
2,one,13,Darryl,7,3
3,know,11,Darryl,7,4
4,let,10,Darryl,7,5
5,take,10,Darryl,7,6
6,say,9,Darryl,7,7
7,cool,8,Darryl,7,8
8,go,7,Darryl,7,9
9,come,7,Darryl,7,10
0,got,20,Darryl,8,1
1,man,20,Darryl,8,2
2,know,20,Darryl,8,3
3,gon,15,Darryl,8,4
4,good,14,Darryl,8,5
5,get,14,Darryl,8,6
6,would,11,Darryl,8,7
7,come,11,Darryl,8,8
8,want,11,Darryl,8,9
9,think,10,Darryl,8,10
0,gon,17,Darryl,9,1
1,man,16,Darryl,9,2
2,get,14,Darryl,9,3
3,know,13,Darryl,9,4
4,got,12,Darryl,9,5
5,right,12,Darryl,9,6
6,want,11,Darryl,9,7
7,going,10,Darryl,9,8
8,philly,10,Darryl,9,9
9,jim,10,Darryl,9,10
0,god,3,Erin,5,1
1,sorry,3,Erin,5,2
2,hi,3,Erin,5,3
3,--,3,Erin,5,4
4,thanks,3,Erin,5,5
5,erin,2,Erin,5,6
6,got,2,Erin,5,7
7,guys,2,Erin,5,8
8,place,2,Erin,5,9
9,wow,2,Erin,5,10
0,michael,20,Erin,6,1
1,andy,18,Erin,6,2
2,know,15,Erin,6,3
3,think,14,Erin,6,4
4,want,11,Erin,6,5
5,back,9,Erin,6,6
6,would,9,Erin,6,7
7,pam,9,Erin,6,8
8,thinking,8,Erin,6,9
9,kelly,7,Erin,6,10
0,gabe,20,Erin,7,1
1,get,18,Erin,7,2
2,michael,17,Erin,7,3
3,sorry,16,Erin,7,4
4,think,15,Erin,7,5
5,see,14,Erin,7,6
6,know,14,Erin,7,7
7,go,14,Erin,7,8
8,want,12,Erin,7,9
9,andy,11,Erin,7,10
0,andy,37,Erin,8,1
1,know,23,Erin,8,2
2,get,21,Erin,8,3
3,one,16,Erin,8,4
4,would,16,Erin,8,5
5,go,15,Erin,8,6
6,dwight,14,Erin,8,7
7,think,13,Erin,8,8
8,sorry,12,Erin,8,9
9,maybe,12,Erin,8,10
0,andy,38,Erin,9,1
1,know,22,Erin,9,2
2,get,19,Erin,9,3
3,sorry,19,Erin,9,4
4,got,16,Erin,9,5
5,pete,15,Erin,9,6
6,think,15,Erin,9,7
7,yes,14,Erin,9,8
8,right,11,Erin,9,9
9,good,11,Erin,9,10
0,would,10,Gabe,6,1
1,know,9,Gabe,6,2
2,right,8,Gabe,6,3
3,-,7,Gabe,6,4
4,way,6,Gabe,6,5
5,program,6,Gabe,6,6
6,sabre,5,Gabe,6,7
7,think,5,Gabe,6,8
8,ok,5,Gabe,6,9
9,everyone,5,Gabe,6,10
0,get,16,Gabe,7,1
1,know,14,Gabe,7,2
2,erin,13,Gabe,7,3
3,want,12,Gabe,7,4
4,back,11,Gabe,7,5
5,one,10,Gabe,7,6
6,think,10,Gabe,7,7
7,gon,9,Gabe,7,8
8,michael,9,Gabe,7,9
9,right,9,Gabe,7,10
0,know,13,Gabe,8,1
1,one,7,Gabe,8,2
2,gabe,7,Gabe,8,3
3,get,6,Gabe,8,4
4,think,6,Gabe,8,5
5,go,6,Gabe,8,6
6,going,6,Gabe,8,7
7,way,5,Gabe,8,8
8,man,5,Gabe,8,9
9,good,4,Gabe,8,10
0,erin,4,Gabe,9,1
1,still,3,Gabe,9,2
2,know,2,Gabe,9,3
3,'ve,2,Gabe,9,4
4,back,2,Gabe,9,5
5,would,2,Gabe,9,6
6,even,2,Gabe,9,7
7,one,2,Gabe,9,8
8,night,2,Gabe,9,9
9,hello,1,Gabe,9,10
0,good,8,Holly,4,1
1,know,6,Holly,4,2
2,look,4,Holly,4,3
3,get,4,Holly,4,4
4,kevin,4,Holly,4,5
5,hi,3,Holly,4,6
6,love,3,Holly,4,7
7,let,3,Holly,4,8
8,one,3,Holly,4,9
9,hello,3,Holly,4,10
0,michael,16,Holly,5,1
1,good,13,Holly,5,2
2,get,13,Holly,5,3
3,know,12,Holly,5,4
4,think,12,Holly,5,5
5,could,11,Holly,5,6
6,back,8,Holly,5,7
7,gon,8,Holly,5,8
8,go,8,Holly,5,9
9,work,7,Holly,5,10
0,michael,22,Holly,7,1
1,know,19,Holly,7,2
2,love,16,Holly,7,3
3,think,12,Holly,7,4
4,get,12,Holly,7,5
5,go,11,Holly,7,6
6,want,10,Holly,7,7
7,fine,9,Holly,7,8
8,together,8,Holly,7,9
9,gon,8,Holly,7,10
0,'d,6,Nellie,7,1
1,everyone,4,Nellie,7,2
2,job,3,Nellie,7,3
3,tell,3,Nellie,7,4
4,person,3,Nellie,7,5
5,sockee,3,Nellie,7,6
6,friend,3,Nellie,7,7
7,would,2,Nellie,7,8
8,go,2,Nellie,7,9
9,way,2,Nellie,7,10
0,right,18,Nellie,8,1
1,get,17,Nellie,8,2
2,yes,17,Nellie,8,3
3,let,16,Nellie,8,4
4,one,15,Nellie,8,5
5,would,14,Nellie,8,6
6,dwight,14,Nellie,8,7
7,go,13,Nellie,8,8
8,know,12,Nellie,8,9
9,little,11,Nellie,8,10
0,dwight,22,Nellie,9,1
1,know,18,Nellie,9,2
2,get,16,Nellie,9,3
3,yes,15,Nellie,9,4
4,one,14,Nellie,9,5
5,two,13,Nellie,9,6
6,pam,13,Nellie,9,7
7,andy,12,Nellie,9,8
8,good,10,Nellie,9,9
9,look,10,Nellie,9,10
0,hand,3,Clark,6,1
1,ha,2,Clark,6,2
2,alright,2,Clark,6,3
3,let,2,Clark,6,4
4,feel,2,Clark,6,5
5,want,2,Clark,6,6
6,baby,2,Clark,6,7
7,actually,1,Clark,6,8
8,consultant,1,Clark,6,9
9,got,1,Clark,6,10
0,know,22,Clark,9,1
1,got,18,Clark,9,2
2,right,17,Clark,9,3
3,mean,13,Clark,9,4
4,get,12,Clark,9,5
5,think,10,Clark,9,6
6,one,9,Clark,9,7
7,good,8,Clark,9,8
8,love,8,Clark,9,9
9,time,8,Clark,9,10
0,pam,4,Pete,5,1
1,fun,3,Pete,5,2
2,see,3,Pete,5,3
3,think,2,Pete,5,4
4,right,2,Pete,5,5
5,perfect,1,Pete,5,6
6,know,1,Pete,5,7
7,would,1,Pete,5,8
8,even,1,Pete,5,9
9,hilarious,1,Pete,5,10
0,little,2,Pete,6,1
1,alright,1,Pete,6,2
2,'you,1,Pete,6,3
3,sweet,1,Pete,6,4
4,guys,1,Pete,6,5
5,kind,1,Pete,6,6
6,'what,1,Pete,6,7
7,give,1,Pete,6,8
8,punch,1,Pete,6,9
9,back,1,Pete,6,10
0,right,14,Pete,9,1
1,andy,12,Pete,9,2
2,got,11,Pete,9,3
3,erin,10,Pete,9,4
4,know,9,Pete,9,5
5,go,8,Pete,9,6
6,want,7,Pete,9,7
7,sorry,6,Pete,9,8
8,real,6,Pete,9,9
9,come,6,Pete,9,10
